{
  "$ref": "#/definitions/posts",
  "definitions": {
    "posts": {
      "type": "object",
      "properties": {
        "title": {
          "type": "string"
        },
        "published": {
          "type": "boolean"
        },
        "description": {
          "type": "string"
        },
        "date": {
          "anyOf": [
            {
              "type": "string",
              "format": "date-time"
            },
            {
              "type": "string",
              "format": "date"
            },
            {
              "type": "integer",
              "format": "unix-time"
            }
          ]
        },
        "tags": {
          "type": "array",
          "items": {
            "type": "string"
          }
        },
        "$schema": {
          "type": "string"
        }
      },
      "required": [
        "title",
        "published",
        "description",
        "date",
        "tags"
      ],
      "additionalProperties": false
    }
  },
  "$schema": "http://json-schema.org/draft-07/schema#"
}