[["Map",1,2,9,10],"meta::meta",["Map",3,4,5,6,7,8],"astro-version","5.13.5","content-config-digest","530e36d502a32971","astro-config-digest","{\"root\":{},\"srcDir\":{},\"publicDir\":{},\"outDir\":{},\"cacheDir\":{},\"site\":\"https://www.mybonzo.com\",\"compressHTML\":true,\"base\":\"/\",\"trailingSlash\":\"ignore\",\"output\":\"server\",\"scopedStyleStrategy\":\"attribute\",\"build\":{\"format\":\"directory\",\"client\":{},\"server\":{},\"assets\":\"_astro\",\"serverEntry\":\"index.js\",\"redirects\":false,\"inlineStylesheets\":\"auto\",\"concurrency\":1},\"server\":{\"open\":false,\"host\":false,\"port\":4321,\"streaming\":true,\"allowedHosts\":[]},\"redirects\":{\"/posts\":\"/\"},\"image\":{\"endpoint\":{\"route\":\"/_image\"},\"service\":{\"entrypoint\":\"astro/assets/services/sharp\",\"config\":{}},\"domains\":[],\"remotePatterns\":[],\"responsiveStyles\":false},\"devToolbar\":{\"enabled\":true},\"markdown\":{\"syntaxHighlight\":{\"type\":\"shiki\",\"excludeLangs\":[\"math\"]},\"shikiConfig\":{\"langs\":[],\"langAlias\":{},\"theme\":\"github-dark\",\"themes\":{},\"wrap\":false,\"transformers\":[]},\"remarkPlugins\":[],\"rehypePlugins\":[],\"remarkRehype\":{},\"gfm\":true,\"smartypants\":true},\"security\":{\"checkOrigin\":true},\"env\":{\"schema\":{},\"validateSecrets\":false},\"experimental\":{\"clientPrerender\":false,\"contentIntellisense\":false,\"headingIdCompat\":false,\"preserveScriptOrder\":false,\"liveContentCollections\":false,\"csp\":false,\"staticImportMetaEnv\":false,\"chromeDevtoolsWorkspace\":false},\"legacy\":{\"collections\":false},\"session\":{\"driver\":\"cloudflare-kv-binding\",\"options\":{\"binding\":\"SESSION\"}}}","posts",["Map",11,12,24,25],"agent-demo",{"id":11,"data":13,"body":21,"filePath":22,"digest":23,"deferredRender":15},{"title":14,"published":15,"description":16,"date":17,"tags":18},"Agent Demo",true,"Demo agenta AI w działaniu",["Date","2025-08-27T00:00:00.000Z"],[19,20],"Tag B","Tag D","import Section from '../components/Section.astro';\r\n\r\n# Agent Demo\r\n\r\n\u003CSection>\r\n  \u003Cp>Ten agent to automatyczny system do monitorowania i raportowania.\u003C/p>\r\n\u003C/Section>","src/posts/agent-demo.mdx","d4a1549881e49314","using-mdx",{"id":24,"data":26,"body":31,"filePath":32,"digest":33,"deferredRender":15},{"title":27,"published":15,"description":28,"date":29,"tags":30},"Using MDX","Lorem ipsum dolor sit amet",["Date","2024-06-01T00:00:00.000Z"],[19,20],"import Section from \"../components/Section.astro\";\r\n\r\nPrzykład agenta w MDX\r\n\r\nNazwa: Agent MDX  \r\nTyp: Hybrydowy  \r\nZadania: Integracja API, Obsługa użytkownika  \r\nStatus: W trakcie konfiguracji","src/posts/using-mdx.mdx","2bbf3532a2ca953c"]